1APM,E,0
1ATP,E,0
1BKX,A,0
1BX6,A,0
1CDK,A,0
1CDK,B,0
1CKI,A,0
1CKI,B,0
1CKJ,A,0
1CKJ,B,0
1CMK,E,0
1CTP,E,0
1DAW,A,0
1DAY,A,0
1DS5,A,0
1DS5,B,0
1DS5,C,0
1DS5,D,0
1E9H,A,0
1E9H,C,0
1ERK,A,0
1F0Q,A,0
1F5Q,A,0
1F5Q,C,0
1FIN,A,0
1FIN,C,0
1FMO,E,0
1FQ1,B,0
1FVV,A,0
1FVV,C,0
1GAG,A,0
1GJO,A,0
1GNG,A,0
1GNG,B,0
1GY3,A,0
1GY3,C,0
1H1P,A,0
1H1P,C,0
1H1Q,A,0
1H1Q,C,0
1H1R,A,0
1H1R,C,0
1H1S,A,0
1H1S,C,0
1H1W,A,0
1H24,A,0
1H24,C,0
1H25,A,0
1H25,C,0
1H26,A,0
1H26,C,0
1H27,A,0
1H27,C,0
1H28,A,0
1H28,C,0
1H4L,A,0
1H4L,B,0
1H8F,A,0
1H8F,B,0
1I09,A,0
1I09,B,0
1IG1,A,0
1IR3,A,0
1J1B,A,0
1J1B,B,0
1J1C,A,0
1J1C,B,0
1J91,A,0
1J91,B,0
1JAM,A,0
1JBP,E,0
1JKK,A,0
1JKL,A,0
1JKS,A,0
1JKT,A,0
1JKT,B,0
1JLU,E,0
1JOW,B,0
1JST,A,0
1JST,C,0
1JSU,A,0
1JWH,A,0
1JWH,B,0
1K3A,A,0
1L3R,E,0
1LP4,A,0
1LPU,A,0
1LR4,A,0
1M14,A,0
1M17,A,0
1M2P,A,0
1M2Q,A,0
1M2R,A,0
1MQ4,A,0
1NA7,A,0
1NVQ,A,0
1NVR,A,0
1NVS,A,0
1O6K,A,0
1O6L,A,0
1O9U,A,0
1OEC,A,0
1OGU,A,0
1OGU,C,0
1OI9,A,0
1OI9,C,0
1OIU,A,0
1OIU,C,0
1OIY,A,0
1OIY,C,0
1OKV,A,0
1OKV,C,0
1OKW,A,0
1OKW,C,0
1OL1,A,0
1OL1,C,0
1OL2,A,0
1OL2,C,0
1OL5,A,0
1OL7,A,0
1OM1,A,0
1P4F,A,0
1P5E,A,0
1P5E,C,0
1PHK,A,0
1PJK,A,0
1PKD,A,0
1PKD,C,0
1PKG,A,0
1PME,A,0
1PYX,A,0
1PYX,B,0
1Q24,A,0
1Q3D,A,0
1Q3D,B,0
1Q3W,A,0
1Q3W,B,0
1Q41,A,0
1Q41,B,0
1Q4L,A,0
1Q4L,B,0
1Q5K,A,0
1Q5K,B,0
1Q61,A,0
1Q62,A,0
1Q8T,A,0
1Q8U,A,0
1Q8W,A,0
1QL6,A,0
1QMZ,A,0
1QMZ,C,0
1QPC,A,0
1QPD,A,0
1QPE,A,0
1QPJ,A,0
1R0E,A,0
1R0E,B,0
1RDQ,E,0
1RE8,A,0
1REJ,A,0
1REK,A,0
1RQQ,A,0
1RQQ,B,0
1SMH,A,0
1STC,E,0
1SVE,A,0
1SVG,A,0
1SVH,A,0
1SYK,A,0
1SYK,B,0
1SZM,A,0
1SZM,B,0
1TKI,A,0
1TKI,B,0
1TVO,A,0
1U46,B,0
1U4D,B,0
1U54,A,0
1U54,B,0
1U59,A,0
1U5Q,A,0
1U5Q,B,0
1U5R,A,0
1U5R,B,0
1UNG,A,0
1UNG,B,0
1UNH,A,0
1UNH,B,0
1UNL,A,0
1UNL,B,0
1URC,A,0
1URC,C,0
1UU7,A,0
1UV5,A,0
1UVR,A,0
1VEB,A,0
1VYW,A,0
1VYW,C,0
1W98,A,0
1WMK,A,0
1WMK,B,0
1WMK,C,0
1WMK,D,0
1WMK,E,0
1WMK,F,0
1WMK,G,0
1WMK,H,0
1WVW,A,0
1WVX,A,0
1WVY,A,0
1WZY,A,0
1XBA,A,0
1XBB,A,0
1XBC,A,0
1XH4,A,0
1XH5,A,0
1XH6,A,0
1XH7,A,0
1XH8,A,0
1XH9,A,0
1XHA,A,0
1XJD,A,0
1XO2,B,0
1XQZ,A,0
1XR1,A,0
1XWS,A,0
1Y57,A,0
1YDR,E,0
1YDS,E,0
1YDT,E,0
1YHS,A,0
1YI3,A,0
1YI4,A,0
1YI6,A,0
1YI6,B,0
1YRP,A,0
1YRP,B,0
1YVJ,A,0
1YWV,A,0
1YXS,A,0
1YXT,A,0
1YXU,A,0
1YXU,B,0
1YXU,C,0
1YXU,D,0
1YXV,A,0
1YXX,A,0
1Z57,A,0
1Z9X,A,0
1Z9X,B,0
1Z9X,C,0
1ZLT,A,0
1ZOE,A,0
1ZOG,A,0
1ZOH,A,0
1ZRZ,A,0
1ZWS,A,0
1ZWS,B,0
1ZWS,C,0
1ZWS,D,0
1ZWS,E,0
1ZWS,F,0
1ZWS,G,0
1ZWS,H,0
1ZYS,A,0
2A19,B,0
2A1A,B,0
2A27,A,0
2A27,B,0
2A27,C,0
2A27,D,0
2A27,E,0
2A27,F,0
2A27,G,0
2A27,H,0
2A2A,A,0
2A2A,B,0
2A2A,C,0
2A2A,D,0
2AUH,A,0
2AYP,A,0
2B4S,B,0
2B4S,D,0
2B7A,A,0
2B7A,B,0
2BDW,A,0
2BDW,B,0
2BFX,A,0
2BFX,B,0
2BFY,A,0
2BFY,B,0
2BIK,B,0
2BIL,B,0
2BIY,A,0
2BKZ,A,0
2BKZ,C,0
2BPM,A,0
2BPM,C,0
2BR1,A,0
2BRB,A,0
2BRG,A,0
2BRH,A,0
2BRM,A,0
2BRN,A,0
2BRO,A,0
2BVA,A,0
2BVA,B,0
2BZH,B,0
2BZI,B,0
2BZJ,A,0
2BZK,B,0
2C1A,A,0
2C1B,A,0
2C30,A,0
2C3I,B,0
2C3J,A,0
2C3K,A,0
2C3L,A,0
2C47,A,0
2C47,B,0
2C47,D,0
2C4G,A,0
2C4G,C,0
2C5N,A,0
2C5N,C,0
2C5O,A,0
2C5O,C,0
2C5V,A,0
2C5V,C,0
2C5X,A,0
2C5X,C,0
2C6T,A,0
2C6T,C,0
2CCH,A,0
2CCH,C,0
2CCI,A,0
2CCI,C,0
2CDZ,A,0
2CGU,A,0
2CGV,A,0
2CGW,A,0
2CGX,A,0
2CHL,A,0
2CJM,A,0
2CJM,C,0
2CKE,A,0
2CKE,B,0
2CKE,C,0
2CKE,D,0
2CMW,A,0
2CN5,A,0
2CN8,A,0
2CPK,E,0
2DQ7,X,0
2DWB,A,0
2E9N,A,0
2E9O,A,0
2E9P,A,0
2E9U,A,0
2E9V,A,0
2E9V,B,0
2EB2,A,0
2ERK,A,0
2ERZ,E,0
2ESM,A,0
2ESM,B,0
2ETK,A,0
2ETK,B,0
2ETR,A,0
2ETR,B,0
2EU9,A,0
2EUF,B,0
2F2C,B,0
2F2U,A,0
2F2U,B,0
2F4J,A,0
2F57,B,0
2F7E,E,0
2F7X,E,0
2F7Z,E,0
2FYS,A,0
2G01,A,0
2G01,B,0
2G2I,A,0
2G2I,B,0
2G9X,A,0
2G9X,C,0
2GCD,A,0
2GCD,B,0
2GDO,A,0
2GFC,A,0
2GHG,A,0
2GMX,A,0
2GMX,B,0
2GNF,A,0
2GNG,A,0
2GNH,A,0
2GNI,A,0
2GNJ,A,0
2GNL,A,0
2GPH,A,0
2GQG,A,0
2GQG,B,0
2GS2,A,0
2GS6,A,0
2GU8,A,0
2H96,A,0
2H96,B,0
2H9V,A,0
2HK5,A,0
2HOG,A,0
2HXL,A,0
2HXQ,A,0
2HY0,A,0
2HZ4,A,0
2HZ4,B,0
2HZ4,C,0
2I0E,A,0
2I0E,B,0
2I40,A,0
2I40,C,0
2ITP,A,0
2ITQ,A,0
2ITW,A,0
2ITX,A,0
2IVS,A,0
2IVT,A,0
2IVU,A,0
2IVV,A,0
2IW6,A,0
2IW6,C,0
2IW8,A,0
2IW8,C,0
2IW9,A,0
2IW9,C,0
2IZR,A,0
2IZS,A,0
2IZT,A,0
2IZU,A,0
2J0I,A,0
2J0L,A,0
2J2I,B,0
2J51,A,0
2J5E,A,0
2J6M,A,0
2J90,B,0
2JDO,A,0
2JDR,A,0
2JDS,A,0
2JDT,A,0
2JDV,A,0
2JED,A,0
2JED,B,0
2JFL,A,0
2JGZ,A,0
2JIT,A,0
2JIU,A,0
2JLD,A,0
2JLD,B,0
2KUL,A,0
2NO3,A,0
2NO3,B,0
2NRU,A,0
2NRU,B,0
2NRU,C,0
2NRU,D,0
2O3P,A,0
2O5K,A,0
2O63,A,0
2O64,A,0
2O65,A,0
2OBJ,A,0
2OF2,A,0
2OF4,A,0
2OFU,A,0
2OH0,E,0
2OI4,X,0
2OIB,A,0
2OIB,B,0
2OIB,C,0
2OIB,D,0
2OIC,D,0
2OID,A,0
2OID,D,0
2OJF,E,0
2OJG,A,0
2OJI,A,0
2OJJ,A,0
2OU7,A,0
2OW3,A,0
2OW3,B,0
2OWB,A,0
2OXD,A,0
2OXX,A,0
2OXY,A,0
2OXY,B,0
2PHK,A,0
2PSQ,A,0
2PSQ,B,0
2PVF,A,0
2PVH,A,0
2PVJ,A,0
2PVK,A,0
2PVL,A,0
2PVM,A,0
2PVN,A,0
2PVR,A,0
2PVY,A,0
2PVY,C,0
2PVY,D,0
2PWL,A,0
2PWL,B,0
2PY3,A,0
2PY3,B,0
2PZ5,A,0
2PZ5,B,0
2PZP,A,0
2PZP,B,0
2PZR,A,0
2PZR,B,0
2Q0B,A,0
2Q0B,B,0
2Q0N,A,0
2QC6,A,0
2QCS,A,0
2QHM,A,0
2QHN,A,0
2QLU,A,0
2QOH,A,0
2QOH,B,0
2R0U,A,0
2R2P,A,0
2R7I,A,0
2R7I,B,0
2R7I,C,0
2R7I,D,0
2RKU,A,0
2UUE,A,0
2UUE,C,0
2UV2,A,0
2UVX,A,0
2UVY,A,0
2UVZ,A,0
2UW0,A,0
2UW3,A,0
2UW4,A,0
2UW5,A,0
2UW6,A,0
2UW7,A,0
2UW8,A,0
2UW9,A,0
2UZB,A,0
2UZB,C,0
2UZD,A,0
2UZD,C,0
2UZE,A,0
2UZE,C,0
2UZL,A,0
2UZL,C,0
2UZT,A,0
2UZU,E,0
2UZV,A,0
2UZW,E,0
2V22,A,0
2V22,C,0
2V55,A,0
2V55,C,0
2V5Q,A,0
2V5Q,B,0
2V62,A,0
2V62,B,0
2V7A,A,0
2V7A,B,0
2V7O,A,0
2VAG,A,0
2VD5,A,0
2VD5,B,0
2VGO,A,0
2VGO,B,0
2VGP,A,0
2VGP,B,0
2VN9,A,0
2VN9,B,0
2VNW,A,0
2VNY,A,0
2VO0,A,0
2VO3,A,0
2VO6,A,0
2VO7,A,0
2VRX,A,0
2VRX,B,0
2VX3,A,0
2VX3,B,0
2VX3,C,0
2VX3,D,0
2VZ6,A,0
2VZ6,B,0
2W0J,A,0
2W1C,A,0
2W1I,A,0
2W1I,B,0
2W4J,A,0
2W4K,A,0
2WEL,A,0
2WEV,A,0
2WEV,C,0
2WFY,A,0
2WFY,C,0
2WHB,A,0
2WHB,C,0
2WIH,A,0
2WIH,C,0
2WIP,A,0
2WIP,C,0
2WMA,A,0
2WMA,C,0
2WMB,A,0
2WMB,C,0
2WMQ,A,0
2WMR,A,0
2WMS,A,0
2WMT,A,0
2WMU,A,0
2WMV,A,0
2WMW,A,0
2WMX,A,0
2WO6,A,0
2WO6,B,0
2WPA,A,0
2WPA,C,0
2WTC,A,0
2WTD,A,0
2WTI,A,0
2WTJ,A,0
2WU6,A,0
2WU7,A,0
2WXV,A,0
2WXV,C,0
2X0G,A,0
2X1N,A,0
2X1N,C,0
2X2K,A,0
2X2L,A,0
2X2M,A,0
2X2M,B,0
2X39,A,0
2X4F,A,0
2X4F,B,0
2X4Z,A,0
2X8D,A,0
2X8E,A,0
2X8I,A,0
2XA4,A,0
2XA4,B,0
2XBJ,A,0
2XEY,A,0
2XEZ,A,0
2XF0,A,0
2XH5,A,0
2XIK,A,0
2XIX,A,0
2XIY,A,0
2XIZ,A,0
2XJ0,A,0
2XJ1,A,0
2XJ2,A,0
2XK9,A,0
2XM9,A,0
2XUU,A,0
2XZS,A,0
2XZS,B,0
2Y0A,A,0
2Y7J,A,0
2Y7J,B,0
2Y7J,C,0
2Y7J,D,0
2Y9Q,A,0
2YA9,A,0
2YA9,B,0
2YAA,A,0
2YAA,B,0
2YAB,A,0
2YAB,B,0
2YAC,A,0
2YAK,A,0
2YCF,A,0
2YCR,A,0
2YCS,A,0
2YDI,A,0
2YDJ,A,0
2YDJ,B,0
2YDK,A,0
2YER,A,0
2YEX,A,0
2YFX,A,0
2YHV,A,0
2YIQ,A,0
2YIT,A,0
2YM3,A,0
2YM4,A,0
2YM5,A,0
2YM6,A,0
2YM7,A,0
2YM8,A,0
2YWP,A,0
2Z60,A,0
2Z7L,A,0
2Z8C,A,0
2ZJW,A,0
2ZM1,A,0
2ZM3,A,0
2ZM3,B,0
2ZM3,C,0
2ZM3,D,0
2ZM4,A,0
2ZOQ,A,0
2ZOQ,B,0
2ZV2,A,0
2ZVA,A,0
2ZYB,A,0
3A7G,A,0
3A7G,B,0
3A7H,A,0
3A7H,B,0
3A7I,A,0
3A7J,A,0
3A8W,A,0
3A8W,B,0
3A8X,A,0
3A8X,B,0
3A99,A,0
3AC1,A,0
3AC2,A,0
3AC3,A,0
3AC4,A,0
3AC5,A,0
3AC8,A,0
3ACJ,A,0
3ACK,A,0
3AD4,A,0
3AD5,A,0
3AD6,A,0
3AG9,A,0
3AG9,B,0
3AGL,A,0
3AGL,B,0
3AGM,A,0
3AMA,A,0
3AMB,A,0
3AMY,A,0
3ANQ,A,0
3ANQ,B,0
3ANQ,C,0
3ANQ,D,0
3ANR,A,0
3ANR,B,0
3ANR,C,0
3ANR,D,0
3AT2,A,0
3AT3,A,0
3AT4,A,0
3AXW,A,0
3B2T,A,0
3B2T,B,0
3BCE,A,0
3BCE,B,0
3BCE,C,0
3BE9,A,0
3BGP,A,0
3BGQ,A,0
3BGZ,A,0
3BHH,B,0
3BHT,A,0
3BHT,C,0
3BHU,A,0
3BHU,C,0
3BHV,A,0
3BHV,C,0
3BKB,A,0
3BLH,A,0
3BLQ,A,0
3BLR,A,0
3BQC,A,0
3BQR,A,0
3BU3,A,0
3BU5,A,0
3BU6,A,0
3BWF,A,0
3BWJ,A,0
3BYM,A,0
3BYO,A,0
3C13,A,0
3C4E,A,0
3C4E,B,0
3C4E,C,0
3C4E,D,0
3CBL,A,0
3CD3,A,0
3CKX,A,0
3CLY,A,0
3COM,A,0
3CQU,A,0
3CQW,A,0
3CXW,A,0
3CY2,A,0
3CY3,A,0
3D0E,A,0
3D0E,B,0
3D5U,A,0
3D5W,A,0
3D9V,A,0
3D9V,B,0
3DB6,A,0
3DBE,A,0
3DCV,A,0
3DDP,A,0
3DDP,C,0
3DDQ,A,0
3DDQ,C,0
3DFC,B,0
3DGK,A,0
3DLS,A,0
3DLS,B,0
3DLS,C,0
3DLS,D,0
3DLS,E,0
3DLS,F,0
3DND,A,0
3DNE,A,0
3DOG,A,0
3DOG,C,0
3DQW,A,0
3DQW,B,0
3DQW,C,0
3DQW,D,0
3DU8,A,0
3DU8,B,0
3E3B,X,0
3E5A,A,0
3E8C,A,0
3E8C,B,0
3E8C,C,0
3E8C,D,0
3E8C,E,0
3E8C,F,0
3E8D,A,0
3E8D,B,0
3E8E,A,0
3E8E,B,0
3E8E,E,0
3E8E,I,0
3E8E,L,0
3E8E,P,0
3EH9,A,0
3EHA,A,0
3EID,A,0
3EID,C,0
3EJ1,A,0
3EJ1,C,0
3EMG,A,0
3EOC,A,0
3EOC,C,0
3EQP,A,0
3EQP,B,0
3EQR,A,0
3EQR,B,0
3ERK,A,0
3EYG,A,0
3EYH,A,0
3F2A,A,0
3F5G,A,0
3F5P,A,0
3F5P,B,0
3F5P,C,0
3F5P,D,0
3F5P,E,0
3F5P,F,0
3F5P,G,0
3F5P,H,0
3F5P,I,0
3F5P,J,0
3F5P,K,0
3F5P,L,0
3F5P,M,0
3F5P,R,0
3F5P,S,0
3F5P,T,0
3F5U,A,0
3F5X,A,0
3F5X,C,0
3F7Z,A,0
3F7Z,B,0
3F88,A,0
3F88,B,0
3F9N,A,0
3FC2,A,0
3FHI,A,0
3FJQ,E,0
3FL5,A,0
3FQE,A,0
3FQH,A,0
3FQH,B,0
3FQS,A,0
3FUP,A,0
3FUP,B,0
3FWQ,A,0
3FWQ,B,0
3G2F,A,0
3GB2,A,0
3GQI,A,0
3GU4,A,0
3GU5,A,0
3GU6,A,0
3GU7,A,0
3GU8,A,0
3GUB,A,0
3H30,A,0
3H30,B,0
3HA6,A,0
3HRC,A,0
3HRF,A,0
3I4B,A,0
3I4B,B,0
3IEC,A,0
3IEC,B,0
3IEC,C,0
3IEC,D,0
3IKA,A,0
3IO7,A,0
3IOK,A,0
3IW4,A,0
3IW4,B,0
3IW4,C,0
3JPV,A,0
3JUH,A,0
3JUH,B,0
3JVR,A,0
3JVS,A,0
3JXW,A,0
3JY0,A,0
3JY9,A,0
3JYA,A,0
3K2L,A,0
3KB7,A,0
3KCK,A,0
3KK8,A,0
3KK9,A,0
3KKV,A,0
3KL8,A,0
3KL8,C,0
3KL8,E,0
3KL8,G,0
3KL8,I,0
3KMM,A,0
3KRR,A,0
3KUL,B,0
3KVW,A,0
3KXG,A,0
3KXH,A,0
3KXM,A,0
3KXN,A,0
3KXX,A,0
3KXX,B,0
3KXX,C,0
3KXX,D,0
3KXZ,A,0
3L1S,A,0
3L1S,B,0
3L9L,A,0
3L9L,B,0
3L9M,A,0
3L9M,B,0
3L9N,A,0
3LCD,A,0
3LCK,A,0
3LCS,A,0
3LPB,A,0
3LPB,B,0
3LQ5,A,0
3LVP,A,0
3LVP,B,0
3LVP,C,0
3LVP,D,0
3LXK,A,0
3LXL,A,0
3LXN,A,0
3LXP,A,0
3M1S,A,0
3M1S,B,0
3MA3,A,0
3MB6,A,0
3MB7,A,0
3MFR,A,0
3MFS,A,0
3MFT,A,0
3MFU,A,0
3MI9,A,0
3MIA,A,0
3MV5,A,0
3MVH,A,0
3MVJ,A,0
3MVJ,B,0
3MVJ,E,0
3MY1,A,0
3MY5,A,0
3MY5,C,0
3NCZ,A,0
3NCZ,B,0
3NCZ,C,0
3NCZ,D,0
3NDM,A,0
3NDM,B,0
3NDM,C,0
3NDM,D,0
3NGA,A,0
3NGA,B,0
3NLB,A,0
3NR9,A,0
3NR9,B,0
3NR9,C,0
3NRM,A,0
3NSZ,A,0
3NX8,A,0
3NZ0,A,0
3O0G,A,0
3O0G,B,0
3O17,A,0
3O17,B,0
3O2M,A,0
3O2M,B,0
3O71,A,0
3OCB,A,0
3OCB,B,0
3OD6,X,0
3OFM,A,0
3OOG,A,0
3OP5,A,0
3OP5,B,0
3ORX,A,0
3ORX,B,0
3ORX,C,0
3ORX,D,0
3OT3,A,0
3OT8,A,0
3OTU,A,0
3OVV,A,0
3OW3,A,0
3OW4,A,0
3OW4,B,0
3OWJ,A,0
3OWK,A,0
3OWL,A,0
3OWP,A,0
3OXT,A,0
3P0M,A,0
3PA3,A,0
3PA4,A,0
3PA5,A,0
3PE1,A,0
3PE2,A,0
3PFQ,A,0
3PJC,A,0
3POO,A,0
3PP0,A,0
3PP0,B,0
3PUP,A,0
3PUP,B,0
3PVB,A,0
3PVG,A,0
3PWD,A,0
3PZH,A,0
3Q04,A,0
3Q32,A,0
3Q32,B,0
3Q3B,A,0
3Q3B,B,0
3Q4T,A,0
3Q4T,B,0
3Q9W,A,0
3Q9X,A,0
3Q9X,B,0
3Q9Y,A,0
3Q9Z,A,0
3Q9Z,B,0
3QA0,A,0
3QA0,B,0
3QAL,E,0
3QAM,E,0
3QF9,A,0
3QFV,A,0
3QFV,B,0
3QHR,A,0
3QHR,C,0
3QHW,A,0
3QHW,C,0
3QKK,A,0
3QKL,A,0
3QKM,A,0
3QYI,A,0
3QYW,A,0
3QYZ,A,0
3R00,A,0
3R01,A,0
3R02,A,0
3R04,A,0
3R0T,A,0
3R63,A,0
3RAW,A,0
3RAW,B,0
3RCJ,A,0
3RI1,A,0
3RI1,B,0
3RPS,A,0
3RPS,B,0
3RWQ,A,0
3SA0,A,0
3SAY,A,0
3SAY,B,0
3SD0,A,0
3SD0,B,0
3SOC,A,0
3SOC,B,0
3SRV,A,0
3SRV,B,0
3SV0,A,0
3T9I,A,0
3TEI,A,0
3THB,A,0
3TJC,A,0
3TJC,B,0
3TJD,A,0
3TJD,B,0
3TKH,A,0
3TKI,A,0
3TKU,A,0
3TKU,B,0
3TN8,A,0
3TNH,A,0
3TNI,A,0
3TNP,C,0
3TNP,F,0
3TNQ,B,0
3TNW,A,0
3TNW,C,0
3TV7,A,0
3TV7,B,0
3TV7,C,0
3TV7,D,0
3TWJ,A,0
3TWJ,C,0
3U4U,A,0
3U87,A,0
3U87,B,0
3U9C,A,0
3U9C,B,0
3U9N,A,0
3UG1,A,0
3UG2,A,0
3UIX,A,0
3UMW,A,0
3UMX,A,0
3UO4,A,0
3UO5,A,0
3UOD,A,0
3UP2,A,0
3UP7,A,0
3UYS,A,0
3UYS,B,0
3UYS,C,0
3UYS,D,0
3UYT,A,0
3UYT,B,0
3UYT,C,0
3UZP,A,0
3UZP,B,0
3V8S,A,0
3V8S,B,0
3V8S,C,0
3V8S,D,0
3VBQ,A,0
3VBT,A,0
3VBV,A,0
3VBW,A,0
3VBX,A,0
3VBY,A,0
3VC4,A,0
3VJN,A,0
3VJO,A,0
3VQH,A,0
3VUD,A,0
3VUG,A,0
3VUH,A,0
3VUI,A,0
3VUK,A,0
3W2O,A,0
3W2Q,A,0
3W8L,A,0
3W8L,B,0
3WAR,A,0
3WE8,A,0
3WIK,A,0
3WIL,A,0
3ZC6,A,0
3ZC6,B,0
3ZC6,C,0
3ZDI,A,0
3ZDU,A,0
3ZEP,A,0
3ZEP,B,0
3ZEP,C,0
3ZEP,D,0
3ZEW,A,0
3ZH8,A,0
3ZH8,B,0
3ZH8,C,0
3ZMM,A,0
3ZMM,B,0
3ZO1,A,0
3ZO2,A,0
3ZO3,A,0
3ZO4,A,0
3ZRK,A,0
3ZRK,B,0
3ZRL,A,0
3ZRL,B,0
3ZRM,A,0
3ZRM,B,0
3ZTX,A,0
3ZTX,B,0
3ZU7,A,0
3ZUV,A,0
3ZUV,C,0
4A06,A,0
4A07,A,0
4A4L,A,0
4A4O,A,0
4A7C,A,0
4A9R,A,0
4A9S,A,0
4A9T,A,0
4A9U,A,0
4ACC,A,0
4ACC,B,0
4ACD,A,0
4ACD,B,0
4ACG,A,0
4ACG,B,0
4ACH,A,0
4ACH,B,0
4AE6,A,0
4AE6,B,0
4AE9,A,0
4AE9,B,0
4AFJ,A,0
4AFJ,B,0
4ALU,A,0
4ALV,A,0
4ALW,A,0
4ANL,A,0
4ANM,A,0
4ANQ,A,0
4ANS,A,0
4APP,A,0
4AQC,A,0
4AQC,B,0
4AS0,A,0
4ASX,A,0
4ASX,B,0
4AU8,A,0
4AW0,A,0
4AW1,A,0
4AW2,A,0
4AXA,A,0
4AZE,A,0
4AZE,B,0
4AZE,C,0
4AZF,A,0
4B4L,A,0
4B6L,A,0
4B7T,A,0
4B8M,A,0
4B8M,B,0
4B99,A,0
4BBE,A,0
4BBE,B,0
4BBE,C,0
4BBE,D,0
4BBF,A,0
4BBF,B,0
4BBF,C,0
4BBF,D,0
4BCF,A,0
4BCG,A,0
4BCH,A,0
4BCI,A,0
4BCJ,A,0
4BCK,A,0
4BCK,C,0
4BCM,A,0
4BCM,C,0
4BCN,A,0
4BCN,C,0
4BCO,A,0
4BCO,C,0
4BCP,A,0
4BCP,C,0
4BCQ,A,0
4BCQ,C,0
4BDA,A,0
4BN1,A,0
4BTJ,A,0
4BTJ,B,0
4BTK,A,0
4BTM,A,0
4BTM,B,0
4BZN,A,0
4BZO,A,0
4C2V,A,0
4C2V,B,0
4C2W,A,0
4C2W,B,0
4C3P,A,0
4C57,A,0
4C57,B,0
4C61,A,0
4C61,B,0
4C62,A,0
4C62,B,0
4CCU,A,0
4CD0,A,0
4CFF,A,0
4CFH,A,0
4CFN,A,0
4CFN,C,0
4CFW,A,0
4CFW,C,0
4CKI,A,0
4CKJ,A,0
4CLI,A,0
4CLJ,A,0
4CMO,A,0
4CMU,A,0
4CRS,A,0
4CT2,A,0
4CTB,A,0
4CXA,A,0
4D0W,A,0
4D0X,A,0
4DEA,A,0
4DEB,A,0
4DED,A,0
4DEE,A,0
4DFL,A,0
4DFN,A,0
4DFX,E,0
4DFZ,E,0
4DG0,E,0
4DG2,E,0
4DG3,E,0
4DGL,C,0
4DGL,D,0
4DGM,A,0
4DGN,A,0
4DGO,A,0
4DH1,A,0
4DH3,A,0
4DH5,A,0
4DH7,A,0
4DH8,A,0
4DIN,A,0
4DTK,A,0
4E1Z,A,0
4E4L,A,0
4E4L,B,0
4E4L,D,0
4E4L,E,0
4E4M,A,0
4E4M,B,0
4E4M,D,0
4E4M,E,0
4E4N,A,0
4E4N,B,0
4E5W,A,0
4E5W,B,0
4E6D,A,0
4E6D,B,0
4E6Q,A,0
4E6Q,B,0
4E7W,A,0
4EC8,A,0
4EC9,A,0
4EHZ,A,0
4EHZ,B,0
4EHZ,C,0
4EHZ,D,0
4EI4,A,0
4EI4,B,0
4EKK,A,0
4EKK,B,0
4EKL,A,0
4ENX,A,0
4ENY,A,0
4EOI,A,0
4EOI,C,0
4EOJ,A,0
4EOJ,C,0
4EOK,A,0
4EOK,C,0
4EOL,A,0
4EOL,C,0
4EOM,A,0
4EOM,C,0
4EON,A,0
4EON,C,0
4EOO,A,0
4EOO,C,0
4EOP,A,0
4EOP,C,0
4EOQ,A,0
4EOQ,C,0
4EOR,A,0
4EOR,C,0
4EOS,A,0
4EOS,C,0
4ERK,A,0
4EUT,A,0
4EUT,B,0
4EUU,A,0
4EUU,B,0
4EWH,A,0
4EWH,B,0
4F08,A,0
4F08,B,0
4F09,A,0
4F4P,A,0
4F9B,A,0
4F9B,C,0
4FBX,A,0
4FIE,A,0
4FIE,B,0
4FIF,A,0
4FIF,B,0
4FIG,A,0
4FIG,B,0
4FIH,A,0
4FII,A,0
4FIJ,A,0
4FK6,A,0
4FK6,B,0
4FL1,A,0
4FMQ,A,0
4FR4,A,0
4FR4,B,0
4FR4,C,0
4FR4,D,0
4FR4,E,0
4FR4,F,0
4FSM,A,0
4FSN,A,0
4FSQ,A,0
4FSR,A,0
4FST,A,0
4FSU,A,0
4FSW,A,0
4FSY,A,0
4FSZ,A,0
4FT0,A,0
4FT3,A,0
4FT5,A,0
4FT7,A,0
4FT9,A,0
4FTA,A,0
4FTC,A,0
4FTI,A,0
4FTJ,A,0
4FTK,A,0
4FTL,A,0
4FTM,A,0
4FTN,A,0
4FTO,A,0
4FTQ,A,0
4FTR,A,0
4FTT,A,0
4FTU,A,0
4FUX,A,0
4FUY,A,0
4FV0,A,0
4FV1,A,0
4FV2,A,0
4FV3,A,0
4FV7,A,0
4FX3,A,0
4FX3,C,0
4FYN,A,0
4FYO,A,0
4FZ6,A,0
4FZ7,A,0
4G16,A,0
4G17,A,0
4G3C,B,0
4G3D,A,0
4G3D,B,0
4G3E,B,0
4G5J,A,0
4G5P,A,0
4G6N,A,0
4G6O,A,0
4GFG,A,0
4GFM,A,0
4GFO,A,0
4GH2,A,0
4GIH,A,0
4GII,A,0
4GJ2,A,0
4GJ3,A,0
4GL9,A,0
4GL9,B,0
4GL9,C,0
4GL9,D,0
4GMY,A,0
4GRB,A,0
4GSB,A,0
4GUB,A,0
4GV1,A,0
4GVA,A,0
4GVJ,A,0
4GW8,A,0
4H3P,A,0
4H3Q,A,0
4HGE,A,0
4HGE,B,0
4HGL,A,0
4HGS,A,0
4HGT,A,0
4HGT,B,0
4HNF,A,0
4HNF,B,0
4HOK,A,0
4HOK,C,0
4HOK,E,0
4HOK,G,0
4HOK,I,0
4HOK,K,0
4HOK,M,0
4HOK,O,0
4HOK,Q,0
4HOK,S,0
4HOK,U,0
4HOK,W,0
4HPT,E,0
4HPU,E,0
4HVD,A,0
4HVG,A,0
4HVH,A,0
4HVI,A,0
4HYH,A,0
4HYI,A,0
4HZR,A,0
4HZR,B,0
4I0R,A,0
4I0S,A,0
4I23,A,0
4I3Z,A,0
4I3Z,C,0
4I41,A,0
4I5C,A,0
4I5C,B,0
4I5P,A,0
4I6H,A,0
4I6Q,A,0
4IAA,A,0
4IAC,A,0
4IAD,A,0
4IAF,A,0
4IAI,A,0
4IAK,A,0
4IAN,A,0
4IAN,B,0
4IAY,A,0
4IAZ,A,0
4IB0,A,0
4IB1,A,0
4IB3,A,0
4IB5,A,0
4IB5,B,0
4IB5,C,0
4IC7,A,0
4IC7,D,0
4ID7,A,0
4IDT,A,0
4IDT,B,0
4IDV,A,0
4IDV,B,0
4IDV,C,0
4IDV,D,0
4IE9,A,0
4IFC,A,0
4IFC,B,0
4II5,A,0
4II5,C,0
4IIR,A,0
4IIR,B,0
4IJ9,A,0
4IJP,A,0
4IJP,B,0
4IMY,A,0
4IMY,C,0
4IMY,E,0
4IQ6,A,0
4IQ6,B,0
4IVA,A,0
4IVB,A,0
4IVB,B,0
4IVC,A,0
4IVC,B,0
4IVD,A,0
4IVD,B,0
4IW0,A,0
4IZ5,A,0
4IZ5,B,0
4IZ5,C,0
4IZ5,D,0
4IZ7,A,0
4IZA,A,0
4J1R,A,0
4J1R,B,0
4J1R,C,0
4J1R,D,0
4J52,A,0
4J53,A,0
4J71,A,0
4J71,B,0
4J95,A,0
4J95,B,0
4J95,C,0
4J96,A,0
4J96,B,0
4J97,A,0
4J97,B,0
4J97,C,0
4J97,D,0
4J98,A,0
4J98,B,0
4J99,A,0
4J99,B,0
4J99,C,0
4J99,D,0
4JAJ,A,0
4JBO,A,0
4JDH,A,0
4JDI,A,0
4JDJ,A,0
4JDK,A,0
4JI9,A,0
4JI9,B,0
4JIA,A,0
4JIK,A,0
4JJR,B,0
4JNW,A,0
4JNW,B,0
4JQ7,A,0
4JQ8,A,0
4JR3,A,0
4JRV,A,0
4JX3,A,0
4JX7,A,0
4K0Y,A,0
4K18,A,0
4K1B,A,0
4K33,A,0
4K6Z,A,0
4K77,A,0
4K77,B,0
4KB8,B,0
4KB8,D,0
4KBA,B,0
4KBA,D,0
4KBC,A,0
4KBC,B,0
4KBK,A,0
4KBK,B,0
4KBK,C,0
4KBK,D,0
4KS7,A,0
4KS8,A,0
4KWP,A,0
4L67,A,0
4L6Q,A,0
4L6Q,B,0
4LI5,A,0
4LL5,A,0
4LM5,A,0
4LMU,A,0
4LQM,A,0
4LRM,A,0
4LRM,B,0
4LRM,C,0
4LRM,D,0
4LRM,E,0
4MBI,A,0
4MBL,A,0
4MED,A,0
4MKC,A,0
4MNE,B,0
4MNE,C,0
4MQ1,A,0
4MQ1,B,0
4MQ1,C,0
4MQ1,D,0
4MQ2,A,0
4MQ2,B,0
4MQ2,C,0
4MQ2,D,0
4N4S,A,0
4N6Y,A,0
4N6Z,A,0
4N70,A,0
4NFN,A,0
4NH1,A,0
4NH1,B,0
4NJD,A,0
4NM0,A,0
4NM3,A,0
4NM5,A,0
4NM7,A,0
4NST,A,0
4NST,C,0
4NTS,A,0
4NU1,A,0
4NW5,A,0
4NW6,A,0
4O0R,A,0
4O0T,A,0
4O0V,A,0
4O0X,A,0
4O0Y,A,0
4O21,A,0
4O22,A,0
4OGR,A,0
4OGR,E,0
4OGR,I,0
4OR5,A,0
4OR5,F,0
4PF4,A,0
4PUZ,A,0
4PUZ,B,0
4PV0,A,0
4PX6,A,0
4Q9Z,A,0
4Q9Z,B,0
4QTB,A,0
4QTB,B,0
4QTE,A,0
4RA4,A,0
4RA5,A,0
4RA5,B,0
4TKS,A,0
4TRL,A,0
4TWC,A,0
4TWC,B,0
4TXC,A,0
4U6R,A,0
4UAK,A,0
4UAL,A,0
4W7P,A,0
4W7P,B,0
4W7P,C,0
4W7P,D,0
4WIH,A,0
4WKQ,A,0
4WRG,A,0
4WSQ,A,0
4WSQ,B,0
1A06,A,1
1AD5,A,1
1AD5,B,1
1AGW,B,1
1AQ1,A,1
1B38,A,1
1B39,A,1
1BI7,A,1
1BI8,A,1
1BI8,C,1
1BLX,A,1
1BUH,A,1
1BYG,A,1
1CKP,A,1
1DI8,A,1
1DM2,A,1
1E1V,A,1
1E1X,A,1
1F3M,C,1
1F3M,D,1
1FGI,B,1
1FGK,B,1
1FMK,A,1
1FPU,A,1
1FPU,B,1
1FVR,A,1
1FVR,B,1
1FVT,A,1
1G3N,A,1
1G3N,E,1
1G5S,A,1
1GIH,A,1
1GII,A,1
1GIJ,A,1
1GZ8,A,1
1GZK,A,1
1GZN,A,1
1GZO,A,1
1H00,A,1
1H01,A,1
1H07,A,1
1H08,A,1
1H0V,A,1
1H0W,A,1
1HCK,A,1
1HCL,A,1
1I44,A,1
1IEP,A,1
1IEP,B,1
1IRK,A,1
1JNK,A,1
1JPA,A,1
1JPA,B,1
1JQH,A,1
1JQH,B,1
1JQH,C,1
1JSV,A,1
1JVP,P,1
1K2P,A,1
1K2P,B,1
1KE5,A,1
1KE6,A,1
1KE7,A,1
1KE8,A,1
1KE9,A,1
1KSW,A,1
1KV1,A,1
1KV2,A,1
1LEW,A,1
1LEZ,A,1
1LUF,A,1
1M52,A,1
1M52,B,1
1M7N,A,1
1M7N,B,1
1MP8,A,1
1MQB,A,1
1MRV,A,1
1MRY,A,1
1MUO,A,1
1OIQ,A,1
1OIR,A,1
1OIT,A,1
1OPJ,A,1
1OPJ,B,1
1OPK,A,1
1OPL,A,1
1OPL,B,1
1P14,A,1
1P2A,A,1
1P4O,A,1
1P4O,B,1
1PF8,A,1
1PMN,A,1
1PMQ,A,1
1PMU,A,1
1PMV,A,1
1PW2,A,1
1PXI,A,1
1PXJ,A,1
1PXK,A,1
1PXL,A,1
1PXM,A,1
1PXN,A,1
1PXO,A,1
1PXP,A,1
1PYE,A,1
1QCF,A,1
1R0P,A,1
1R1W,A,1
1R39,A,1
1R78,A,1
1RJB,A,1
1S9I,A,1
1S9I,B,1
1S9J,A,1
1SM2,A,1
1SM2,B,1
1SNU,A,1
1SNU,B,1
1SNX,A,1
1SNX,B,1
1T45,A,1
1T46,A,1
1UA2,A,1
1UA2,C,1
1UA2,D,1
1UKH,A,1
1UKI,A,1
1URW,A,1
1UWH,A,1
1UWH,B,1
1UWJ,A,1
1UWJ,B,1
1V1K,A,1
1VR2,A,1
1VYZ,A,1
1VZO,A,1
1W0X,C,1
1W82,A,1
1W83,A,1
1W8C,A,1
1WBN,A,1
1WBS,A,1
1WBT,A,1
1WBV,A,1
1WCC,A,1
1WFC,A,1
1XKK,A,1
1Y6A,A,1
1Y6B,A,1
1Y8G,A,1
1Y8G,B,1
1Y8Y,A,1
1Y91,A,1
1YKR,A,1
1YOJ,A,1
1YOJ,B,1
1YOL,A,1
1YOL,B,1
1YOM,A,1
1YOM,B,1
1YW2,A,1
1YWN,A,1
1YWR,A,1
1ZMU,A,1
1ZMU,B,1
1ZMV,A,1
1ZMV,B,1
1ZMW,A,1
1ZMW,B,1
1ZYJ,A,1
1ZZ2,A,1
2A0C,X,1
2A4L,A,1
2AC3,A,1
2AC5,A,1
2B1P,A,1
2B52,A,1
2B53,A,1
2B54,A,1
2B55,A,1
2BAJ,A,1
2BAK,A,1
2BAL,A,1
2BAQ,A,1
2BHE,A,1
2BHH,A,1
2BMC,A,1
2BMC,B,1
2BMC,C,1
2BMC,D,1
2BMC,E,1
2BMC,F,1
2BTR,A,1
2BTS,A,1
2C0I,A,1
2C0I,B,1
2C0O,A,1
2C0O,B,1
2C0T,A,1
2C0T,B,1
2C5Y,A,1
2C68,A,1
2C69,A,1
2C6D,A,1
2C6E,A,1
2C6E,B,1
2C6I,A,1
2C6K,A,1
2C6L,A,1
2C6M,A,1
2C6O,A,1
2CLQ,A,1
2CLQ,B,1
2CLX,A,1
2DS1,A,1
2DUV,A,1
2DYL,A,1
2E2B,A,1
2E2B,B,1
2ETM,A,1
2ETM,B,1
2EVA,A,1
2EWA,A,1
2EXC,X,1
2EXM,A,1
2FGI,B,1
2FO0,A,1
2FSL,X,1
2FSM,X,1
2FSO,X,1
2FST,X,1
2FVD,A,1
2G15,A,1
2G1T,A,1
2G1T,B,1
2G1T,C,1
2G1T,D,1
2G2F,A,1
2G2F,B,1
2G2H,A,1
2G2H,B,1
2GFS,A,1
2GHL,A,1
2GHM,A,1
2GS7,A,1
2GS7,B,1
2GTM,A,1
2GTN,A,1
2H6D,A,1
2H8H,A,1
2HAK,A,1
2HAK,B,1
2HAK,C,1
2HAK,D,1
2HAK,G,1
2HAK,H,1
2HCK,A,1
2HCK,B,1
2HEN,A,1
2HEN,B,1
2HEN,C,1
2HEN,D,1
2HIW,A,1
2HIW,B,1
2HW6,A,1
2HW6,B,1
2HW7,A,1
2HWO,A,1
2HWO,B,1
2HWP,A,1
2HWP,B,1
2HYY,A,1
2HYY,B,1
2HYY,C,1
2HYY,D,1
2HZ0,A,1
2HZ0,B,1
2HZI,A,1
2HZI,B,1
2HZN,A,1
2I0V,A,1
2I0Y,A,1
2I1M,A,1
2I6L,B,1
2IJM,A,1
2IJM,B,1
2J0J,A,1
2J0K,A,1
2J0K,B,1
2J0M,B,1
2J4Z,A,1
2J4Z,B,1
2J50,A,1
2J50,B,1
2J9M,A,1
2JAM,A,1
2JAM,B,1
2JAV,A,1
2JC6,A,1
2JC6,C,1
2JIT,B,1
2JIU,B,1
2JIV,A,1
2JIV,B,1
2JKK,A,1
2JKM,A,1
2JKO,A,1
2JKQ,A,1
2NP8,A,1
2NPQ,A,1
2O0U,A,1
2O2U,A,1
2OFV,A,1
2OFV,B,1
2OG8,A,1
2OG8,B,1
2OGV,A,1
2OH4,A,1
2OIC,C,1
2OIQ,A,1
2OJ9,A,1
2OK1,A,1
2OKR,A,1
2OKR,D,1
2ONL,A,1
2ONL,B,1
2OO8,X,1
2OSC,A,1
2OZO,A,1
2P0C,A,1
2P0C,B,1
2P2H,A,1
2P2I,A,1
2P2I,B,1
2P33,A,1
2P4I,A,1
2P4I,B,1
2P55,A,1
2PL0,A,1
2PTK,A,1
2PUU,A,1
2QD9,A,1
2QI8,B,1
2QLQ,A,1
2QLQ,B,1
2QNJ,A,1
2QNJ,B,1
2QO2,A,1
2QO7,A,1
2QOD,A,1
2QOF,A,1
2QOI,A,1
2QOL,A,1
2QOO,A,1
2QOQ,A,1
2QQ7,B,1
2QU5,A,1
2QU6,A,1
2QU6,B,1
2R0I,A,1
2R0I,B,1
2R3F,A,1
2R3G,A,1
2R3H,A,1
2R3I,A,1
2R3J,A,1
2R3K,A,1
2R3L,A,1
2R3M,A,1
2R3N,A,1
2R3O,A,1
2R3P,A,1
2R3Q,A,1
2R3R,A,1
2R4B,A,1
2R4B,B,1
2R5T,A,1
2R64,A,1
2R9S,A,1
2R9S,B,1
2REI,A,1
2RF9,A,1
2RF9,B,1
2RFD,A,1
2RFD,B,1
2RFE,A,1
2RFE,B,1
2RFE,C,1
2RFE,D,1
2RFN,A,1
2RFN,B,1
2RFS,A,1
2RG5,A,1
2RG6,A,1
2RGP,A,1
2RL5,A,1
2SRC,A,1
2UZN,A,1
2UZO,A,1
2V0D,A,1
2VTA,A,1
2VTH,A,1
2VTI,A,1
2VTJ,A,1
2VTL,A,1
2VTM,A,1
2VTN,A,1
2VTO,A,1
2VTP,A,1
2VTQ,A,1
2VTR,A,1
2VTS,A,1
2VTT,A,1
2VU3,A,1
2VV9,A,1
2VWI,A,1
2VWI,B,1
2VWI,C,1
2VWI,D,1
2VWU,A,1
2VWV,A,1
2VWW,A,1
2W05,A,1
2W06,A,1
2W17,A,1
2W1H,A,1
2W4O,A,1
2W5A,A,1
2W5B,A,1
2W5H,A,1
2W96,B,1
2W99,B,1
2W9F,B,1
2W9Z,B,1
2WD1,A,1
2WGJ,A,1
2WKM,A,1
2WQB,A,1
2WQE,A,1
2WQM,A,1
2WQN,A,1
2WQO,A,1
2WTV,A,1
2WTV,B,1
2WTV,C,1
2WTV,D,1
2WZJ,A,1
2WZJ,B,1
2WZJ,C,1
2WZJ,D,1
2WZJ,E,1
2WZJ,F,1
2X7F,E,1
2X81,A,1
2X9E,A,1
2X9F,A,1
2XIR,A,1
2XK3,A,1
2XK4,A,1
2XK6,A,1
2XK7,A,1
2XK8,A,1
2XKC,A,1
2XKD,A,1
2XKE,A,1
2XKF,A,1
2XMY,A,1
2XNB,A,1
2XNM,A,1
2XNN,A,1
2XNO,A,1
2XNP,A,1
2XRW,A,1
2XS0,A,1
2XYU,A,1
2Y4I,B,1
2Y4I,C,1
2Y6M,A,1
2Y6O,A,1
2Y8O,A,1
2YIS,A,1
2YIW,A,1
2YIY,A,1
2YJR,A,1
2YN8,A,1
2YN8,B,1
2YZA,A,1
2Z7Q,A,1
2Z7R,A,1
2Z7S,A,1
2ZB1,A,1
2ZDT,A,1
2ZDU,A,1
2ZMC,A,1
2ZMD,A,1
3A4P,A,1
3A60,A,1
3A60,B,1
3A61,A,1
3A62,A,1
3ALN,A,1
3ALN,B,1
3ALN,C,1
3ALO,A,1
3AQV,A,1
3B8Q,A,1
3B8Q,B,1
3B8R,A,1
3B8R,B,1
3BBT,B,1
3BBT,D,1
3BBW,A,1
3BBW,B,1
3BE2,A,1
3BEA,A,1
3BEL,A,1
3BPR,A,1
3BPR,B,1
3BPR,C,1
3BPR,D,1
3BRB,A,1
3BRB,B,1
3BV2,A,1
3BV3,A,1
3BX5,A,1
3BYS,A,1
3BYU,A,1
3BZ3,A,1
3C1X,A,1
3C4C,A,1
3C4C,B,1
3C5U,A,1
3C7Q,A,1
3CC6,A,1
3CCN,A,1
3CD8,A,1
3CE3,A,1
3CEK,A,1
3CGF,A,1
3CGO,A,1
3CJF,A,1
3CKW,A,1
3COH,A,1
3COH,B,1
3COI,A,1
3CP9,A,1
3CP9,B,1
3CPB,A,1
3CPB,B,1
3CPC,A,1
3CPC,B,1
3CS9,A,1
3CS9,B,1
3CS9,C,1
3CS9,D,1
3CTH,A,1
3CTJ,A,1
3CTQ,A,1
3D7T,A,1
3D7T,B,1
3D7U,B,1
3D7U,D,1
3D83,A,1
3D94,A,1
3DA6,A,1
3DAJ,A,1
3DAK,A,1
3DAK,B,1
3DAK,C,1
3DAK,D,1
3DBQ,A,1
3DJ5,A,1
3DJ6,A,1
3DK3,A,1
3DK3,B,1
3DK6,A,1
3DK6,B,1
3DK7,A,1
3DK7,B,1
3DKC,A,1
3DKF,A,1
3DKG,A,1
3DKO,A,1
3DPK,A,1
3DS6,A,1
3DS6,B,1
3DTC,A,1
3DTW,A,1
3DTW,B,1
3DV3,A,1
3DY7,A,1
3DZQ,A,1
3E7O,B,1
3E8N,A,1
3EFJ,A,1
3EFJ,B,1
3EFK,A,1
3EFK,B,1
3EFL,A,1
3EFL,B,1
3EFW,A,1
3EFW,B,1
3EKK,A,1
3EL7,A,1
3EL8,A,1
3ELJ,A,1
3EN4,A,1
3EN5,A,1
3EN5,B,1
3EN6,A,1
3EN6,B,1
3EN7,A,1
3EN7,B,1
3ENM,A,1
3ENM,B,1
3ENM,C,1
3ENM,D,1
3EQB,A,1
3EQC,A,1
3EQD,A,1
3EQF,A,1
3EQG,A,1
3EQH,A,1
3EQI,A,1
3ET7,A,1
3ETA,A,1
3ETA,B,1
3EWH,A,1
3EZR,A,1
3EZV,A,1
3F3T,A,1
3F3U,A,1
3F3U,B,1
3F3V,A,1
3F3V,B,1
3F3W,A,1
3F3W,B,1
3F66,A,1
3F66,B,1
3F82,A,1
3FC1,X,1
3FDN,A,1
3FE3,A,1
3FE3,B,1
3FI2,A,1
3FI3,A,1
3FI4,A,1
3FKL,A,1
3FKN,A,1
3FKO,A,1
3FL4,A,1
3FLN,C,1
3FLS,A,1
3FLW,A,1
3FLY,A,1
3FLZ,A,1
3FME,A,1
3FMH,A,1
3FMJ,A,1
3FMK,A,1
3FMM,A,1
3FMN,A,1
3FPQ,A,1
3FPQ,B,1
3FSF,A,1
3FSK,A,1
3FV8,A,1
3FZ1,A,1
3FZO,A,1
3FZP,A,1
3FZR,A,1
3FZS,A,1
3FZT,A,1
3G0E,A,1
3G0F,A,1
3G0F,B,1
3G33,A,1
3G33,C,1
3G51,A,1
3G6G,A,1
3G6G,B,1
3G6H,B,1
3G90,X,1
3G9L,X,1
3G9N,A,1
3GC8,B,1
3GC9,A,1
3GC9,B,1
3GCP,A,1
3GCQ,A,1
3GCS,A,1
3GCU,A,1
3GCU,B,1
3GCV,A,1
3GEN,A,1
3GFW,A,1
3GGF,A,1
3GGF,B,1
3GI3,A,1
3GOP,A,1
3GP0,A,1
3GQL,A,1
3GQL,B,1
3GQL,C,1
3GT8,A,1
3GT8,B,1
3GT8,C,1
3GT8,D,1
3GVU,A,1
3H0Y,A,1
3H0Z,A,1
3H0Z,B,1
3H0Z,C,1
3H10,A,1
3H10,B,1
3H10,D,1
3H3C,A,1
3H9F,A,1
3HA8,A,1
3HDM,A,1
3HDN,A,1
3HEC,A,1
3HEG,A,1
3HL7,A,1
3HLL,A,1
3HMI,A,1
3HMN,A,1
3HMO,A,1
3HMP,A,1
3HNG,A,1
3HP2,A,1
3HP5,A,1
3HUB,A,1
3HUC,A,1
3HV3,A,1
3HV4,A,1
3HV4,B,1
3HV5,A,1
3HV5,B,1
3HV6,A,1
3HV7,A,1
3HVC,A,1
3I5N,A,1
3I6U,A,1
3I6U,B,1
3I6W,A,1
3I6W,B,1
3I6W,C,1
3I6W,D,1
3I6W,E,1
3I6W,F,1
3I6W,G,1
3I6W,H,1
3I81,A,1
3IDP,A,1
3IDP,B,1
3IG7,A,1
3IGG,A,1
3II5,A,1
3II5,B,1
3IK3,A,1
3IK3,B,1
3IKA,B,1
3IPH,A,1
3IW5,A,1
3IW6,A,1
3IW7,A,1
3IW8,A,1
3K3I,A,1
3K3J,A,1
3K54,A,1
3K5U,A,1
3K5V,A,1
3K5V,B,1
3KEX,A,1
3KEX,B,1
3KF7,A,1
3KFA,A,1
3KFA,B,1
3KQ7,A,1
3KRJ,A,1
3KRL,A,1
3KVX,A,1
3L8P,A,1
3L8S,A,1
3L8V,A,1
3L8X,A,1
3LAU,A,1
3LCO,A,1
3LE6,A,1
3LFA,A,1
3LFB,A,1
3LFC,A,1
3LFD,A,1
3LFE,A,1
3LFF,A,1
3LFN,A,1
3LFQ,A,1
3LFS,A,1
3LHJ,A,1
3LMG,A,1
3LMG,B,1
3LOK,A,1
3LOK,B,1
3LQ8,A,1
3LW0,A,1
3LW0,B,1
3LW0,C,1
3LW0,D,1
3LZB,A,1
3LZB,B,1
3LZB,C,1
3LZB,D,1
3MBL,A,1
3MGY,A,1
3MH0,A,1
3MH1,A,1
3MH2,A,1
3MH3,A,1
3MIY,A,1
3MIY,B,1
3MJ1,A,1
3MJ2,A,1
3MPA,A,1
3MPT,A,1
3MS9,A,1
3MS9,B,1
3MSS,A,1
3MSS,B,1
3MSS,C,1
3MSS,D,1
3MTL,A,1
3MVL,A,1
3MVL,B,1
3MVM,A,1
3MVM,B,1
3MW1,A,1
3NAX,A,1
3NEW,A,1
3NNU,A,1
3NNV,A,1
3NNW,A,1
3NNX,A,1
3NPC,A,1
3NPC,B,1
3NS9,A,1
3NUP,A,1
3NUX,A,1
3NW5,A,1
3NW6,A,1
3NW7,A,1
3NWW,A,1
3NYX,A,1
3O23,A,1
3O50,A,1
3O50,B,1
3O51,A,1
3O8P,A,1
3O8T,A,1
3O8U,A,1
3O96,A,1
3OBG,A,1
3OBJ,A,1
3OC1,A,1
3OCG,A,1
3OCS,A,1
3OCT,A,1
3ODY,X,1
3ODZ,X,1
3OEF,X,1
3OEZ,A,1
3OEZ,B,1
3OF0,A,1
3OF0,B,1
3OG7,A,1
3OG7,B,1
3OHT,A,1
3OHT,B,1
3OMV,A,1
3ORN,A,1
3OS3,A,1
3OXI,A,1
3OXZ,A,1
3OY1,A,1
3OY3,A,1
3OY3,B,1
3P08,A,1
3P08,B,1
3P23,A,1
3P23,B,1
3P23,C,1
3P23,D,1
3P4K,A,1
3P5K,A,1
3P78,A,1
3P79,A,1
3P7A,A,1
3P7B,A,1
3P7C,A,1
3P9J,A,1
3PG3,A,1
3PIX,A,1
3PIY,A,1
3PIZ,A,1
3PJ1,A,1
3PJ2,A,1
3PJ3,A,1
3PJ8,A,1
3PLS,A,1
3POZ,A,1
3PP1,A,1
3PRF,A,1
3PRF,B,1
3PTG,A,1
3PXF,A,1
3PXK,A,1
3PXK,B,1
3PXQ,A,1
3PXR,A,1
3PXY,A,1
3PXZ,A,1
3PY0,A,1
3PY1,A,1
3PYY,A,1
3PYY,B,1
3PZE,A,1
3Q4Z,B,1
3Q6U,A,1
3Q96,A,1
3Q96,B,1
3QA8,A,1
3QA8,B,1
3QA8,C,1
3QA8,D,1
3QA8,E,1
3QA8,F,1
3QA8,G,1
3QA8,H,1
3QBN,A,1
3QC4,A,1
3QC4,B,1
3QGW,A,1
3QGW,B,1
3QGY,A,1
3QGY,B,1
3QL8,A,1
3QLF,A,1
3QLF,B,1
3QLG,A,1
3QQF,A,1
3QQG,A,1
3QQH,A,1
3QQJ,A,1
3QQK,A,1
3QQL,A,1
3QQU,B,1
3QQU,D,1
3QRI,A,1
3QRI,B,1
3QRJ,A,1
3QRJ,B,1
3QRK,A,1
3QRT,A,1
3QRU,A,1
3QTI,A,1
3QTI,B,1
3QTQ,A,1
3QTR,A,1
3QTS,A,1
3QTU,A,1
3QTW,A,1
3QTX,A,1
3QTZ,A,1
3QU0,A,1
3QUD,A,1
3QUE,A,1
3QUP,A,1
3QWJ,A,1
3QWK,A,1
3QX2,A,1
3QX4,A,1
3QXO,A,1
3QXP,A,1
3QZF,A,1
3QZG,A,1
3QZH,A,1
3QZI,A,1
3R1Q,A,1
3R1S,A,1
3R1Y,A,1
3R22,A,1
3R28,A,1
3R6X,A,1
3R71,A,1
3R73,A,1
3R7E,A,1
3R7I,A,1
3R7U,A,1
3R7V,A,1
3R7Y,A,1
3R83,A,1
3R8L,A,1
3R8M,A,1
3R8P,A,1
3R8U,A,1
3R8V,A,1
3R8Z,A,1
3R9D,A,1
3R9H,A,1
3R9N,A,1
3R9O,A,1
3RAH,A,1
3RAI,A,1
3RAK,A,1
3RAL,A,1
3RCD,A,1
3RCD,B,1
3RCD,C,1
3RCD,D,1
3RGF,A,1
3RHK,A,1
3RHK,B,1
3RJC,A,1
3RK5,A,1
3RK7,A,1
3RK9,A,1
3RKB,A,1
3RM6,A,1
3RM7,A,1
3RMF,A,1
3RNI,A,1
3ROC,A,1
3ROY,A,1
3RPO,A,1
3RPR,A,1
3RPV,A,1
3RPY,A,1
3RTP,A,1
3RZB,A,1
3RZF,A,1
3S00,A,1
3S0O,A,1
3S1H,A,1
3S2P,A,1
3S4Q,A,1
3SKC,A,1
3SKC,B,1
3SLS,A,1
3SLS,B,1
3SOA,A,1
3SQQ,A,1
3SVV,A,1
3SVV,B,1
3SW4,A,1
3SW7,A,1
3SXR,A,1
3SXR,B,1
3SXS,A,1
3T9T,A,1
3TCP,A,1
3TCP,B,1
3TG1,A,1
3TI1,A,1
3TIY,A,1
3TIZ,A,1
3TT0,B,1
3TTI,A,1
3TTJ,A,1
3TUB,A,1
3TUC,A,1
3TUD,A,1
3TV4,A,1
3TV4,B,1
3TV6,A,1
3TV6,B,1
3TWJ,B,1
3TWJ,D,1
3TZ7,A,1
3TZ7,B,1
3TZ8,A,1
3TZ8,B,1
3TZ9,A,1
3TZ9,B,1
3U4W,A,1
3U51,A,1
3U51,B,1
3U6H,A,1
3U6I,A,1
3U6J,A,1
3UBD,A,1
3UE4,A,1
3UE4,B,1
3UGC,A,1
3UIU,A,1
3UIU,B,1
3ULI,A,1
3UNJ,A,1
3UNK,A,1
3UNZ,A,1
3UNZ,B,1
3UO6,A,1
3UO6,B,1
3UOH,A,1
3UOH,B,1
3UOJ,A,1
3UOJ,B,1
3UOK,A,1
3UOK,B,1
3UOL,A,1
3UOL,B,1
3UQF,B,1
3UVP,A,1
3UVQ,A,1
3UVR,A,1
3V01,A,1
3V04,A,1
3V5J,A,1
3V5J,B,1
3V5L,A,1
3V5L,B,1
3V5L,C,1
3V5L,D,1
3V5Q,A,1
3V5Q,B,1
3V6R,A,1
3V6R,B,1
3V6S,A,1
3V6S,B,1
3V8T,A,1
3V8T,B,1
3V8W,A,1
3V8W,B,1
3VAP,A,1
3VHE,A,1
3VHK,A,1
3VID,A,1
3VN9,A,1
3VNT,A,1
3VO3,A,1
3VQU,A,1
3VRY,A,1
3VRY,B,1
3VRZ,A,1
3VRZ,B,1
3VS0,A,1
3VS0,B,1
3VS1,A,1
3VS1,B,1
3VS2,A,1
3VS2,B,1
3VS3,A,1
3VS3,B,1
3VS4,A,1
3VS4,B,1
3VS5,A,1
3VS5,B,1
3VS6,A,1
3VS6,B,1
3VS7,A,1
3VS7,B,1
3VUT,A,1
3VUT,B,1
3VVH,A,1
3VVH,B,1
3VVH,C,1
3VW8,A,1
3W10,A,1
3W16,A,1
3W18,A,1
3W18,B,1
3W1F,A,1
3W2C,A,1
3W2C,C,1
3W2C,E,1
3W2C,G,1
3W2R,A,1
3W2S,A,1
3W32,A,1
3W33,A,1
3W8Q,A,1
3WBL,A,1
3WIG,A,1
3ZBX,A,1
3ZC5,A,1
3ZCL,A,1
3ZEW,B,1
3ZFM,A,1
3ZFY,A,1
3ZFY,B,1
3ZHP,D,1
3ZLS,A,1
3ZLW,A,1
3ZLX,A,1
3ZLY,A,1
3ZM4,A,1
3ZON,A,1
3ZOS,A,1
3ZOS,B,1
3ZS5,A,1
3ZSG,A,1
3ZSH,A,1
3ZSI,A,1
3ZXZ,A,1
3ZYA,A,1
3ZZE,A,1
3ZZW,A,1
3ZZW,B,1
4A4X,A,1
4A9Y,A,1
4AA0,A,1
4AA5,A,1
4AAA,A,1
4ACM,A,1
4AF3,A,1
4AFE,A,1
4AG8,A,1
4AGC,A,1
4AGD,A,1
4AGW,A,1
4AGW,B,1
4AN2,A,1
4AN3,A,1
4AN9,A,1
4ANB,A,1
4AOI,A,1
4AOJ,A,1
4AOJ,B,1
4AOJ,C,1
4AOT,A,1
4AOT,B,1
4AP7,A,1
4APC,A,1
4APC,B,1
4ARK,A,1
4ASD,A,1
4ASE,A,1
4ASZ,A,1
4AT4,A,1
4AT5,A,1
4AUA,A,1
4AW5,A,1
4AWI,A,1
4B0G,A,1
4B9D,A,1
4B9D,B,1
4BB4,A,1
4BBM,A,1
4BBM,B,1
4BGH,A,1
4BHZ,A,1
4BI0,A,1
4BI1,A,1
4BI2,A,1
4BKJ,A,1
4BKJ,B,1
4BRX,A,1
4C3R,A,1
4C7T,A,1
4C8B,A,1
4C8B,B,1
4CKR,A,1
4DBN,A,1
4DBN,B,1
4DCE,A,1
4DCE,B,1
4DEG,A,1
4DEH,A,1
4DEI,A,1
4DFY,A,1
4DFY,E,1
4DGG,A,1
4DGG,B,1
4DLI,A,1
4DLJ,A,1
4E4X,A,1
4E4X,B,1
4E5A,X,1
4E5B,A,1
4E6A,A,1
4E6C,A,1
4E8A,A,1
4EBV,A,1
4EBW,A,1
4EEV,A,1
4EH2,A,1
4EH3,A,1
4EH4,A,1
4EH5,A,1
4EH6,A,1
4EH7,A,1
4EH8,A,1
4EH9,A,1
4EHE,A,1
4EHE,B,1
4EHG,A,1
4EHG,B,1
4EHV,A,1
4EJN,A,1
4EK3,A,1
4EK4,A,1
4EK5,A,1
4EK6,A,1
4EK8,A,1
4EL9,A,1
4EQU,A,1
4EQU,B,1
4ERW,A,1
4EWQ,A,1
4EXU,A,1
4EYJ,A,1
4EYM,A,1
4EZ3,A,1
4EZ5,A,1
4EZ7,A,1
4F0I,A,1
4F0I,B,1
4F63,B,1
4F64,B,1
4F65,A,1
4F65,B,1
4F6S,A,1
4F6U,A,1
4F6W,A,1
4F70,A,1
4F7J,A,1
4F7L,A,1
4F7N,A,1
4F7S,A,1
4F9W,A,1
4F9Y,A,1
4FA2,A,1
4FC0,A,1
4FC0,B,1
4FEQ,A,1
4FF8,A,1
4FG8,A,1
4FG8,B,1
4FG9,A,1
4FG9,B,1
4FGB,A,1
4FIC,A,1
4FIC,B,1
4FK3,A,1
4FKG,A,1
4FKI,A,1
4FKJ,A,1
4FKL,A,1
4FKO,A,1
4FKP,A,1
4FKQ,A,1
4FKR,A,1
4FKS,A,1
4FKT,A,1
4FKU,A,1
4FKV,A,1
4FKW,A,1
4FL2,A,1
4FL3,A,1
4FNX,A,1
4FNY,A,1
4FNZ,A,1
4FVP,A,1
4FVQ,A,1
4FVR,A,1
4FZA,B,1
4FZD,B,1
4FZF,B,1
4G1W,A,1
4G31,A,1
4G34,A,1
4G5P,B,1
4G6L,A,1
4G9C,A,1
4G9C,B,1
4G9R,A,1
4G9R,B,1
4GCJ,A,1
4GEO,A,1
4GG5,A,1
4GG7,A,1
4GK2,A,1
4GS6,A,1
4GT4,A,1
4GT4,B,1
4GT5,A,1
4GU6,A,1
4GU6,B,1
4GU9,A,1
4GU9,B,1
4GUE,A,1
4H1J,A,1
4H1M,A,1
4H39,A,1
4H58,C,1
4HCT,A,1
4HCU,A,1
4HCV,A,1
4HJO,A,1
4HNI,A,1
4HNI,B,1
4HVS,A,1
4HW7,A,1
4HYS,A,1
4HYU,A,1
4HZS,A,1
4HZS,B,1
4HZS,C,1
4HZS,D,1
4I1Z,A,1
4I20,A,1
4I21,A,1
4I21,B,1
4I22,A,1
4I24,A,1
4I24,B,1
4I4E,A,1
4I4F,A,1
4I5H,A,1
4IBM,A,1
4IBM,B,1
4IC8,A,1
4IC8,B,1
4IM0,A,1
4IM2,A,1
4IM3,A,1
4ITH,A,1
4ITH,B,1
4ITI,A,1
4ITI,B,1
4ITJ,A,1
4ITJ,B,1
4IWO,A,1
4IWP,A,1
4IWQ,A,1
4IXP,A,1
4IZY,A,1
4JAI,A,1
4JBQ,A,1
4JL9,A,1
4JLC,A,1
4JS8,A,1
4JT3,A,1
4JVG,A,1
4JVG,B,1
4JVG,C,1
4JVG,D,1
4JXF,A,1
4K11,A,1
4K2R,A,1
4K8A,A,1
4K8A,B,1
4K9Y,A,1
4KA3,A,1
4KAB,A,1
4KAB,B,1
4KAO,A,1
4KAO,B,1
4KD1,A,1
4KIK,A,1
4KIN,A,1
4KIN,B,1
4KIN,C,1
4KIN,D,1
4KIO,A,1
4KIO,B,1
4KIO,C,1
4KIO,D,1
4KIP,A,1
4KIP,B,1
4KIQ,A,1
4KIQ,B,1
4KIQ,C,1
4KIQ,D,1
4KNB,A,1
4KNB,B,1
4KNB,C,1
4KNB,D,1
4KSP,A,1
4KSP,B,1
4KSQ,A,1
4KSQ,B,1
4L00,A,1
4L00,B,1
4L01,A,1
4L01,B,1
4L3L,A,1
4L3P,A,1
4L43,A,1
4L44,A,1
4L45,A,1
4L52,A,1
4L53,A,1
4L7F,A,1
4L7S,A,1
4L7S,B,1
4L8M,A,1
4LG4,D,1
4LG4,E,1
4LG4,F,1
4LGG,A,1
4LGG,B,1
4LGH,A,1
4LGH,B,1
4LMN,A,1
4LUD,A,1
4LUD,B,1
4LUE,A,1
4LUE,B,1
4LYN,A,1
4M0Y,A,1
4M0Z,A,1
4M12,A,1
4M13,A,1
4M14,A,1
4M15,A,1
4M3Q,A,1
4M3Q,B,1
4MBJ,A,1
4MBJ,B,1
4MF0,A,1
4MF0,B,1
4MF1,A,1
4MF1,B,1
4MH7,A,1
4MH7,B,1
4MHA,A,1
4MHA,B,1
4MNE,A,1
4MNE,D,1
4MNE,E,1
4MNE,H,1
4MXC,A,1
4NJ3,A,1
4NK9,A,1
4NK9,B,1
4NKA,A,1
4NKA,B,1
4NKS,A,1
4NKS,B,1
4NUS,A,1
4NWM,A,1
4NWM,B,1
4O0R,B,1
4O0T,B,1
4OBO,A,1
4OBO,B,1
4OBP,B,1
4OBQ,A,1
4OBQ,B,1
4OT5,A,1
4OT6,A,1
4OTQ,A,1
4OTR,A,1
4OTW,A,1
4PDO,A,1
4PDO,B,1
4PMM,A,1
4PMP,A,1
4PMS,A,1
4PP7,A,1
4PP7,B,1
4PP9,A,1
4PP9,B,1
4PPA,A,1
4PPA,B,1
4PPC,A,1
4PPC,B,1
4PQN,A,1
4PWN,A,1
4Q9S,A,1
4QQ5,A,1
4QQC,A,1
4QRC,A,1
4R6V,A,1
4TPT,A,1
4TPT,B,1
4TYE,A,1
4TYI,A,1
4TYJ,A,1
4U0I,A,1
4U79,A,1
4U7Z,A,1
4U80,A,1
4U81,A,1
4U97,B,1
4U9A,B,1
4UMQ,A,1
4UMR,A,1
4UMT,A,1
4UMU,A,1
